op_id	operation
0	Operation <0>
1	partitionLU <1>
2	main <2>
3	Task Operation <3>
4	Task Operation <4>
5	get_LU_decomposition <5> (<-get_LU_decomposition <26> (<-get_LU_decomposition <14>))
6	factorize <6>
7	get_LU_decomposition <7> (<-get_LU_decomposition <5> (<-get_LU_decomposition <26> (<-get_LU_decomposition <14>)))
8	partitionLU <8>
9	get_LU_decomposition <9> (<-get_LU_decomposition <30> (<-get_LU_decomposition <14>))
10	partitionLU <10>
11	get_LU_decomposition <11> (<-get_LU_decomposition <9> (<-get_LU_decomposition <30> (<-get_LU_decomposition <14>)))
12	Must Epoch Operation <12>
13	get_LU_decomposition <13> (<-get_LU_decomposition <34> (<-get_LU_decomposition <14>))
14	get_LU_decomposition <14>
15	get_LU_decomposition <15> (<-get_LU_decomposition <13> (<-get_LU_decomposition <34> (<-get_LU_decomposition <14>)))
16	Must Epoch Operation <16>
17	get_LU_decomposition <17> (<-get_LU_decomposition <38> (<-get_LU_decomposition <14>))
18	get_LU_decomposition <18>
19	get_LU_decomposition <19> (<-get_LU_decomposition <17> (<-get_LU_decomposition <38> (<-get_LU_decomposition <14>)))
20	partitionLU <20>
21	get_LU_decomposition <21> (<-get_LU_decomposition <58> (<-get_LU_decomposition <18>))
22	Task Operation <22>
23	get_LU_decomposition <23> (<-get_LU_decomposition <21> (<-get_LU_decomposition <58> (<-get_LU_decomposition <18>)))
24	get_LU_decomposition <24> (<-get_LU_decomposition <14>)
25	get_LU_decomposition <25> (<-get_LU_decomposition <62> (<-get_LU_decomposition <18>))
26	get_LU_decomposition <26> (<-get_LU_decomposition <14>)
27	get_LU_decomposition <27> (<-get_LU_decomposition <25> (<-get_LU_decomposition <62> (<-get_LU_decomposition <18>)))
28	get_LU_decomposition <28> (<-get_LU_decomposition <14>)
29	get_LU_decomposition <29> (<-get_LU_decomposition <66> (<-get_LU_decomposition <18>))
30	get_LU_decomposition <30> (<-get_LU_decomposition <14>)
31	get_LU_decomposition <31> (<-get_LU_decomposition <29> (<-get_LU_decomposition <66> (<-get_LU_decomposition <18>)))
32	get_LU_decomposition <32> (<-get_LU_decomposition <14>)
33	get_LU_decomposition <33> (<-get_LU_decomposition <70> (<-get_LU_decomposition <18>))
34	get_LU_decomposition <34> (<-get_LU_decomposition <14>)
35	get_LU_decomposition <35> (<-get_LU_decomposition <33> (<-get_LU_decomposition <70> (<-get_LU_decomposition <18>)))
36	get_LU_decomposition <36> (<-get_LU_decomposition <14>)
37	get_LU_decomposition <37> (<-get_LU_decomposition <94> (<-get_LU_decomposition <90>))
38	get_LU_decomposition <38> (<-get_LU_decomposition <14>)
39	get_LU_decomposition <39> (<-get_LU_decomposition <37> (<-get_LU_decomposition <94> (<-get_LU_decomposition <90>)))
40	get_LU_decomposition <40> (<-get_LU_decomposition <24> (<-get_LU_decomposition <14>))
41	get_LU_decomposition <41> (<-get_LU_decomposition <98> (<-get_LU_decomposition <90>))
42	Task Operation <42> (<-get_LU_decomposition <26> (<-get_LU_decomposition <14>))
43	get_LU_decomposition <43> (<-get_LU_decomposition <41> (<-get_LU_decomposition <98> (<-get_LU_decomposition <90>)))
44	get_LU_decomposition <44> (<-get_LU_decomposition <28> (<-get_LU_decomposition <14>))
45	get_LU_decomposition <45> (<-get_LU_decomposition <102> (<-get_LU_decomposition <90>))
46	Task Operation <46> (<-get_LU_decomposition <30> (<-get_LU_decomposition <14>))
47	get_LU_decomposition <47> (<-get_LU_decomposition <45> (<-get_LU_decomposition <102> (<-get_LU_decomposition <90>)))
48	get_LU_decomposition <48> (<-get_LU_decomposition <32> (<-get_LU_decomposition <14>))
49	get_LU_decomposition <49> (<-get_LU_decomposition <106> (<-get_LU_decomposition <90>))
50	Task Operation <50> (<-get_LU_decomposition <34> (<-get_LU_decomposition <14>))
51	get_LU_decomposition <51> (<-get_LU_decomposition <49> (<-get_LU_decomposition <106> (<-get_LU_decomposition <90>)))
52	get_LU_decomposition <52> (<-get_LU_decomposition <36> (<-get_LU_decomposition <14>))
53	partitionLU <53>
54	Task Operation <54> (<-get_LU_decomposition <38> (<-get_LU_decomposition <14>))
55	partitionLU <55>
56	get_LU_decomposition <56> (<-get_LU_decomposition <18>)
57	get_LU_decomposition <57> (<-get_LU_decomposition <138> (<-get_LU_decomposition <126>))
58	get_LU_decomposition <58> (<-get_LU_decomposition <18>)
59	get_LU_decomposition <59> (<-get_LU_decomposition <57> (<-get_LU_decomposition <138> (<-get_LU_decomposition <126>)))
60	get_LU_decomposition <60> (<-get_LU_decomposition <18>)
61	get_LU_decomposition <61> (<-get_LU_decomposition <146> (<-get_LU_decomposition <126>))
62	get_LU_decomposition <62> (<-get_LU_decomposition <18>)
63	get_LU_decomposition <63> (<-get_LU_decomposition <61> (<-get_LU_decomposition <146> (<-get_LU_decomposition <126>)))
64	get_LU_decomposition <64> (<-get_LU_decomposition <18>)
65	get_LU_decomposition <65> (<-get_LU_decomposition <142> (<-get_LU_decomposition <126>))
66	get_LU_decomposition <66> (<-get_LU_decomposition <18>)
67	get_LU_decomposition <67> (<-get_LU_decomposition <65> (<-get_LU_decomposition <142> (<-get_LU_decomposition <126>)))
68	get_LU_decomposition <68> (<-get_LU_decomposition <18>)
69	get_LU_decomposition <69> (<-get_LU_decomposition <134> (<-get_LU_decomposition <126>))
70	get_LU_decomposition <70> (<-get_LU_decomposition <18>)
71	get_LU_decomposition <71> (<-get_LU_decomposition <69> (<-get_LU_decomposition <134> (<-get_LU_decomposition <126>)))
72	get_LU_decomposition <72> (<-get_LU_decomposition <56> (<-get_LU_decomposition <18>))
73	make_xpencil <73>
74	Task Operation <74> (<-get_LU_decomposition <58> (<-get_LU_decomposition <18>))
75	get_LU_decomposition <75> (<-get_LU_decomposition <182> (<-get_LU_decomposition <166>))
76	get_LU_decomposition <76> (<-get_LU_decomposition <60> (<-get_LU_decomposition <18>))
77	get_LU_decomposition <77> (<-get_LU_decomposition <75> (<-get_LU_decomposition <182> (<-get_LU_decomposition <166>)))
78	Task Operation <78> (<-get_LU_decomposition <62> (<-get_LU_decomposition <18>))
79	get_LU_decomposition <79> (<-get_LU_decomposition <174> (<-get_LU_decomposition <166>))
80	get_LU_decomposition <80> (<-get_LU_decomposition <64> (<-get_LU_decomposition <18>))
81	get_LU_decomposition <81> (<-get_LU_decomposition <79> (<-get_LU_decomposition <174> (<-get_LU_decomposition <166>)))
82	Task Operation <82> (<-get_LU_decomposition <66> (<-get_LU_decomposition <18>))
83	get_LU_decomposition <83> (<-get_LU_decomposition <178> (<-get_LU_decomposition <166>))
84	get_LU_decomposition <84> (<-get_LU_decomposition <68> (<-get_LU_decomposition <18>))
85	get_LU_decomposition <85> (<-get_LU_decomposition <83> (<-get_LU_decomposition <178> (<-get_LU_decomposition <166>)))
86	Task Operation <86> (<-get_LU_decomposition <70> (<-get_LU_decomposition <18>))
87	get_LU_decomposition <87> (<-get_LU_decomposition <170> (<-get_LU_decomposition <166>))
88	Must Epoch Operation <88>
89	get_LU_decomposition <89> (<-get_LU_decomposition <87> (<-get_LU_decomposition <170> (<-get_LU_decomposition <166>)))
90	get_LU_decomposition <90>
91	make_zpencil <91>
92	get_LU_decomposition <92> (<-get_LU_decomposition <90>)
93	make_xpencil_c <93>
94	get_LU_decomposition <94> (<-get_LU_decomposition <90>)
95	make_ypencil_c <95>
96	get_LU_decomposition <96> (<-get_LU_decomposition <90>)
97	make_zpencil_c <97>
98	get_LU_decomposition <98> (<-get_LU_decomposition <90>)
99	get_LU_decomposition <99> (<-get_LU_decomposition <236> (<-get_LU_decomposition <202>))
100	get_LU_decomposition <100> (<-get_LU_decomposition <90>)
101	get_LU_decomposition <101> (<-get_LU_decomposition <99> (<-get_LU_decomposition <236> (<-get_LU_decomposition <202>)))
102	get_LU_decomposition <102> (<-get_LU_decomposition <90>)
103	get_LU_decomposition <103> (<-get_LU_decomposition <228> (<-get_LU_decomposition <202>))
104	get_LU_decomposition <104> (<-get_LU_decomposition <90>)
105	get_LU_decomposition <105> (<-get_LU_decomposition <103> (<-get_LU_decomposition <228> (<-get_LU_decomposition <202>)))
106	get_LU_decomposition <106> (<-get_LU_decomposition <90>)
107	get_LU_decomposition <107> (<-get_LU_decomposition <232> (<-get_LU_decomposition <202>))
108	get_LU_decomposition <108> (<-get_LU_decomposition <92> (<-get_LU_decomposition <90>))
109	get_LU_decomposition <109> (<-get_LU_decomposition <107> (<-get_LU_decomposition <232> (<-get_LU_decomposition <202>)))
110	Task Operation <110> (<-get_LU_decomposition <94> (<-get_LU_decomposition <90>))
111	get_LU_decomposition <111> (<-get_LU_decomposition <224> (<-get_LU_decomposition <202>))
112	get_LU_decomposition <112> (<-get_LU_decomposition <96> (<-get_LU_decomposition <90>))
113	get_LU_decomposition <113> (<-get_LU_decomposition <111> (<-get_LU_decomposition <224> (<-get_LU_decomposition <202>)))
114	Task Operation <114> (<-get_LU_decomposition <98> (<-get_LU_decomposition <90>))
115	initialize <115> (<-initialize <266> (<-initialize <254>))
116	get_LU_decomposition <116> (<-get_LU_decomposition <100> (<-get_LU_decomposition <90>))
117	initialize <117> (<-initialize <115> (<-initialize <266> (<-initialize <254>)))
118	Task Operation <118> (<-get_LU_decomposition <102> (<-get_LU_decomposition <90>))
119	initialize <119> (<-initialize <268> (<-initialize <254>))
120	get_LU_decomposition <120> (<-get_LU_decomposition <104> (<-get_LU_decomposition <90>))
121	initialize <121> (<-initialize <119> (<-initialize <268> (<-initialize <254>)))
122	Task Operation <122> (<-get_LU_decomposition <106> (<-get_LU_decomposition <90>))
123	initialize <123> (<-initialize <270> (<-initialize <254>))
124	Must Epoch Operation <124>
125	initialize <125> (<-initialize <123> (<-initialize <270> (<-initialize <254>)))
126	get_LU_decomposition <126>
127	initialize <127> (<-initialize <272> (<-initialize <254>))
128	Task Operation <128>
129	initialize <129> (<-initialize <127> (<-initialize <272> (<-initialize <254>)))
130	Task Operation <130>
131	ddx <131> (<-ddx <304> (<-ddx <290>))
132	get_LU_decomposition <132> (<-get_LU_decomposition <126>)
133	ddx <133> (<-ddx <131> (<-ddx <304> (<-ddx <290>)))
134	get_LU_decomposition <134> (<-get_LU_decomposition <126>)
135	ddx <135> (<-ddx <308> (<-ddx <290>))
136	get_LU_decomposition <136> (<-get_LU_decomposition <126>)
137	ddx <137> (<-ddx <135> (<-ddx <308> (<-ddx <290>)))
138	get_LU_decomposition <138> (<-get_LU_decomposition <126>)
139	rhs_x <139>
140	get_LU_decomposition <140> (<-get_LU_decomposition <126>)
141	SolveXLU <141>
142	get_LU_decomposition <142> (<-get_LU_decomposition <126>)
143	Mapping Operation <143>
144	get_LU_decomposition <144> (<-get_LU_decomposition <126>)
145	Mapping Operation <145>
146	get_LU_decomposition <146> (<-get_LU_decomposition <126>)
147	ddx <147> (<-ddx <302> (<-ddx <290>))
148	get_LU_decomposition <148> (<-get_LU_decomposition <132> (<-get_LU_decomposition <126>))
149	ddx <149> (<-ddx <147> (<-ddx <302> (<-ddx <290>)))
150	Task Operation <150> (<-get_LU_decomposition <134> (<-get_LU_decomposition <126>))
151	rhs_x <151>
152	get_LU_decomposition <152> (<-get_LU_decomposition <136> (<-get_LU_decomposition <126>))
153	SolveXLU <153>
154	Task Operation <154> (<-get_LU_decomposition <138> (<-get_LU_decomposition <126>))
155	Mapping Operation <155>
156	get_LU_decomposition <156> (<-get_LU_decomposition <140> (<-get_LU_decomposition <126>))
157	Mapping Operation <157>
158	Task Operation <158> (<-get_LU_decomposition <142> (<-get_LU_decomposition <126>))
159	ddx <159> (<-ddx <306> (<-ddx <290>))
160	get_LU_decomposition <160> (<-get_LU_decomposition <144> (<-get_LU_decomposition <126>))
161	ddx <161> (<-ddx <159> (<-ddx <306> (<-ddx <290>)))
162	Task Operation <162> (<-get_LU_decomposition <146> (<-get_LU_decomposition <126>))
163	rhs_x <163>
164	Must Epoch Operation <164>
165	SolveXLU <165>
166	get_LU_decomposition <166>
167	Mapping Operation <167>
168	get_LU_decomposition <168> (<-get_LU_decomposition <166>)
169	Mapping Operation <169>
170	get_LU_decomposition <170> (<-get_LU_decomposition <166>)
171	rhs_x <171>
172	get_LU_decomposition <172> (<-get_LU_decomposition <166>)
173	SolveXLU <173>
174	get_LU_decomposition <174> (<-get_LU_decomposition <166>)
175	Mapping Operation <175>
176	get_LU_decomposition <176> (<-get_LU_decomposition <166>)
177	Mapping Operation <177>
178	get_LU_decomposition <178> (<-get_LU_decomposition <166>)
179	Post Close Operation <179>
180	get_LU_decomposition <180> (<-get_LU_decomposition <166>)
181	Post Close Operation <181>
182	get_LU_decomposition <182> (<-get_LU_decomposition <166>)
183	Post Close Operation <183>
184	get_LU_decomposition <184> (<-get_LU_decomposition <168> (<-get_LU_decomposition <166>))
185	Post Close Operation <185>
186	Task Operation <186> (<-get_LU_decomposition <170> (<-get_LU_decomposition <166>))
187	ddy <187> (<-ddy <382> (<-ddy <366>))
188	get_LU_decomposition <188> (<-get_LU_decomposition <172> (<-get_LU_decomposition <166>))
189	ddy <189> (<-ddy <187> (<-ddy <382> (<-ddy <366>)))
190	Task Operation <190> (<-get_LU_decomposition <174> (<-get_LU_decomposition <166>))
191	ddy <191> (<-ddy <386> (<-ddy <366>))
192	get_LU_decomposition <192> (<-get_LU_decomposition <176> (<-get_LU_decomposition <166>))
193	ddy <193> (<-ddy <191> (<-ddy <386> (<-ddy <366>)))
194	Task Operation <194> (<-get_LU_decomposition <178> (<-get_LU_decomposition <166>))
195	ddy <195> (<-ddy <380> (<-ddy <366>))
196	get_LU_decomposition <196> (<-get_LU_decomposition <180> (<-get_LU_decomposition <166>))
197	ddy <197> (<-ddy <195> (<-ddy <380> (<-ddy <366>)))
198	Task Operation <198> (<-get_LU_decomposition <182> (<-get_LU_decomposition <166>))
199	ddy <199> (<-ddy <384> (<-ddy <366>))
200	Must Epoch Operation <200>
201	ddy <201> (<-ddy <199> (<-ddy <384> (<-ddy <366>)))
202	get_LU_decomposition <202>
203	rhs_y <203>
204	Task Operation <204>
205	SolveYLU <205>
206	make_ypencil <206>
207	Mapping Operation <207>
208	make_zpencil <208>
209	Mapping Operation <209>
210	make_xpencil <210>
211	rhs_y <211>
212	make_ypencil <212>
213	SolveYLU <213>
214	Task Operation <214>
215	Mapping Operation <215>
216	Task Operation <216>
217	Mapping Operation <217>
218	Task Operation <218>
219	rhs_y <219>
220	Task Operation <220>
221	SolveYLU <221>
222	get_LU_decomposition <222> (<-get_LU_decomposition <202>)
223	Mapping Operation <223>
224	get_LU_decomposition <224> (<-get_LU_decomposition <202>)
225	Mapping Operation <225>
226	get_LU_decomposition <226> (<-get_LU_decomposition <202>)
227	rhs_y <227>
228	get_LU_decomposition <228> (<-get_LU_decomposition <202>)
229	SolveYLU <229>
230	get_LU_decomposition <230> (<-get_LU_decomposition <202>)
231	Mapping Operation <231>
232	get_LU_decomposition <232> (<-get_LU_decomposition <202>)
233	Mapping Operation <233>
234	get_LU_decomposition <234> (<-get_LU_decomposition <202>)
235	Post Close Operation <235>
236	get_LU_decomposition <236> (<-get_LU_decomposition <202>)
237	Post Close Operation <237>
238	get_LU_decomposition <238> (<-get_LU_decomposition <222> (<-get_LU_decomposition <202>))
239	Post Close Operation <239>
240	Task Operation <240> (<-get_LU_decomposition <224> (<-get_LU_decomposition <202>))
241	Post Close Operation <241>
242	get_LU_decomposition <242> (<-get_LU_decomposition <226> (<-get_LU_decomposition <202>))
243	ddz <243> (<-ddz <458> (<-ddz <444>))
244	Task Operation <244> (<-get_LU_decomposition <228> (<-get_LU_decomposition <202>))
245	ddz <245> (<-ddz <243> (<-ddz <458> (<-ddz <444>)))
246	get_LU_decomposition <246> (<-get_LU_decomposition <230> (<-get_LU_decomposition <202>))
247	ddz <247> (<-ddz <462> (<-ddz <444>))
248	Task Operation <248> (<-get_LU_decomposition <232> (<-get_LU_decomposition <202>))
249	ddz <249> (<-ddz <247> (<-ddz <462> (<-ddz <444>)))
250	get_LU_decomposition <250> (<-get_LU_decomposition <234> (<-get_LU_decomposition <202>))
251	ddz <251> (<-ddz <456> (<-ddz <444>))
252	Task Operation <252> (<-get_LU_decomposition <236> (<-get_LU_decomposition <202>))
253	ddz <253> (<-ddz <251> (<-ddz <456> (<-ddz <444>)))
254	initialize <254>
255	rhs_z <255>
256	__binary_int32_int32_ <256>
257	SolveZLU <257>
258	initialize <258> (<-initialize <254>)
259	Mapping Operation <259>
260	initialize <260> (<-initialize <254>)
261	Mapping Operation <261>
262	initialize <262> (<-initialize <254>)
263	rhs_z <263>
264	initialize <264> (<-initialize <254>)
265	SolveZLU <265>
266	initialize <266> (<-initialize <254>)
267	Mapping Operation <267>
268	initialize <268> (<-initialize <254>)
269	Mapping Operation <269>
270	initialize <270> (<-initialize <254>)
271	ddz <271> (<-ddz <460> (<-ddz <444>))
272	initialize <272> (<-initialize <254>)
273	ddz <273> (<-ddz <271> (<-ddz <460> (<-ddz <444>)))
274	initialize <274> (<-initialize <260> (<-initialize <254>))
275	rhs_z <275>
276	Task Operation <276> (<-initialize <266> (<-initialize <254>))
277	SolveZLU <277>
278	Task Operation <278> (<-initialize <268> (<-initialize <254>))
279	Mapping Operation <279>
280	Task Operation <280> (<-initialize <270> (<-initialize <254>))
281	Mapping Operation <281>
282	Task Operation <282> (<-initialize <272> (<-initialize <254>))
283	rhs_z <283>
284	initialize <284> (<-initialize <258> (<-initialize <254>))
285	SolveZLU <285>
286	initialize <286> (<-initialize <262> (<-initialize <254>))
287	Mapping Operation <287>
288	initialize <288> (<-initialize <264> (<-initialize <254>))
289	Mapping Operation <289>
290	ddx <290>
291	Post Close Operation <291>
292	__binary_int32_int32_ <292>
293	Post Close Operation <293>
294	ddx <294> (<-ddx <290>)
295	Post Close Operation <295>
296	ddx <296> (<-ddx <290>)
297	Post Close Operation <297>
298	ddx <298> (<-ddx <290>)
299	get_error_x <299> (<-get_error_x <542> (<-get_error_x <520>))
300	ddx <300> (<-ddx <290>)
301	get_error_x <301> (<-get_error_x <299> (<-get_error_x <542> (<-get_error_x <520>)))
302	ddx <302> (<-ddx <290>)
303	get_error_x <303> (<-get_error_x <544> (<-get_error_x <520>))
304	ddx <304> (<-ddx <290>)
305	get_error_x <305> (<-get_error_x <303> (<-get_error_x <544> (<-get_error_x <520>)))
306	ddx <306> (<-ddx <290>)
307	get_error_x <307> (<-get_error_x <546> (<-get_error_x <520>))
308	ddx <308> (<-ddx <290>)
309	get_error_x <309> (<-get_error_x <307> (<-get_error_x <546> (<-get_error_x <520>)))
310	ddx <310> (<-ddx <296> (<-ddx <290>))
311	get_error_x <311> (<-get_error_x <548> (<-get_error_x <520>))
312	Task Operation <312> (<-ddx <302> (<-ddx <290>))
313	get_error_x <313> (<-get_error_x <311> (<-get_error_x <548> (<-get_error_x <520>)))
314	Task Operation <314> (<-ddx <304> (<-ddx <290>))
315	get_error_y <315> (<-get_error_y <576> (<-get_error_y <524>))
316	rhs_x <316>
317	get_error_y <317> (<-get_error_y <315> (<-get_error_y <576> (<-get_error_y <524>)))
318	SolveXLU <318>
319	get_error_y <319> (<-get_error_y <578> (<-get_error_y <524>))
320	Mapping Operation <320>
321	get_error_y <321> (<-get_error_y <319> (<-get_error_y <578> (<-get_error_y <524>)))
322	Task Operation <322> (<-ddx <306> (<-ddx <290>))
323	get_error_y <323> (<-get_error_y <580> (<-get_error_y <524>))
324	Mapping Operation <324>
325	get_error_y <325> (<-get_error_y <323> (<-get_error_y <580> (<-get_error_y <524>)))
326	Task Operation <326> (<-ddx <308> (<-ddx <290>))
327	get_error_y <327> (<-get_error_y <582> (<-get_error_y <524>))
328	ddx <328> (<-ddx <294> (<-ddx <290>))
329	get_error_y <329> (<-get_error_y <327> (<-get_error_y <582> (<-get_error_y <524>)))
330	rhs_x <330>
331	__binary_double_double_ <331>
332	ddx <332> (<-ddx <298> (<-ddx <290>))
333	get_error_z <333> (<-get_error_z <608> (<-get_error_z <528>))
334	SolveXLU <334>
335	get_error_z <335> (<-get_error_z <333> (<-get_error_z <608> (<-get_error_z <528>)))
336	Mapping Operation <336>
337	get_error_z <337> (<-get_error_z <610> (<-get_error_z <528>))
338	Mapping Operation <338>
339	get_error_z <339> (<-get_error_z <337> (<-get_error_z <610> (<-get_error_z <528>)))
340	rhs_x <340>
341	get_error_z <341> (<-get_error_z <612> (<-get_error_z <528>))
342	SolveXLU <342>
343	get_error_z <343> (<-get_error_z <341> (<-get_error_z <612> (<-get_error_z <528>)))
344	Mapping Operation <344>
345	__binary_double_double_ <345>
346	Mapping Operation <346>
347	get_error_z <347> (<-get_error_z <614> (<-get_error_z <528>))
348	ddx <348> (<-ddx <300> (<-ddx <290>))
349	get_error_z <349> (<-get_error_z <347> (<-get_error_z <614> (<-get_error_z <528>)))
350	rhs_x <350>
351	__binary_double_double_ <351>
352	SolveXLU <352>
353	d2dx2 <353> (<-d2dx2 <646> (<-d2dx2 <632>))
354	Mapping Operation <354>
355	d2dx2 <355> (<-d2dx2 <353> (<-d2dx2 <646> (<-d2dx2 <632>)))
356	Mapping Operation <356>
357	d2dx2 <357> (<-d2dx2 <650> (<-d2dx2 <632>))
358	Post Close Operation <358>
359	d2dx2 <359> (<-d2dx2 <357> (<-d2dx2 <650> (<-d2dx2 <632>)))
360	Post Close Operation <360>
361	rhs_x <361>
362	Post Close Operation <362>
363	SolveXLU <363>
364	Post Close Operation <364>
365	Mapping Operation <365>
366	ddy <366>
367	Mapping Operation <367>
368	__binary_int32_int32_ <368>
369	rhs_x <369>
370	Inter Close Operation <370>
371	SolveXLU <371>
372	ddy <372> (<-ddy <366>)
373	Mapping Operation <373>
374	ddy <374> (<-ddy <366>)
375	Mapping Operation <375>
376	ddy <376> (<-ddy <366>)
377	d2dx2 <377> (<-d2dx2 <644> (<-d2dx2 <632>))
378	ddy <378> (<-ddy <366>)
379	d2dx2 <379> (<-d2dx2 <377> (<-d2dx2 <644> (<-d2dx2 <632>)))
380	ddy <380> (<-ddy <366>)
381	d2dx2 <381> (<-d2dx2 <648> (<-d2dx2 <632>))
382	ddy <382> (<-ddy <366>)
383	d2dx2 <383> (<-d2dx2 <381> (<-d2dx2 <648> (<-d2dx2 <632>)))
384	ddy <384> (<-ddy <366>)
385	rhs_x <385>
386	ddy <386> (<-ddy <366>)
387	SolveXLU <387>
388	ddy <388> (<-ddy <374> (<-ddy <366>))
389	Mapping Operation <389>
390	Task Operation <390> (<-ddy <380> (<-ddy <366>))
391	Mapping Operation <391>
392	Task Operation <392> (<-ddy <382> (<-ddy <366>))
393	rhs_x <393>
394	Task Operation <394> (<-ddy <384> (<-ddy <366>))
395	SolveXLU <395>
396	Task Operation <396> (<-ddy <386> (<-ddy <366>))
397	Mapping Operation <397>
398	ddy <398> (<-ddy <372> (<-ddy <366>))
399	Mapping Operation <399>
400	ddy <400> (<-ddy <376> (<-ddy <366>))
401	Post Close Operation <401>
402	ddy <402> (<-ddy <378> (<-ddy <366>))
403	Post Close Operation <403>
404	rhs_y <404>
405	Post Close Operation <405>
406	SolveYLU <406>
407	Post Close Operation <407>
408	Mapping Operation <408>
409	__binary_int32_int32_ <409>
410	Mapping Operation <410>
411	d2dy2 <411> (<-d2dy2 <724> (<-d2dy2 <708>))
412	rhs_y <412>
413	d2dy2 <413> (<-d2dy2 <411> (<-d2dy2 <724> (<-d2dy2 <708>)))
414	SolveYLU <414>
415	d2dy2 <415> (<-d2dy2 <728> (<-d2dy2 <708>))
416	Mapping Operation <416>
417	d2dy2 <417> (<-d2dy2 <415> (<-d2dy2 <728> (<-d2dy2 <708>)))
418	Mapping Operation <418>
419	d2dy2 <419> (<-d2dy2 <722> (<-d2dy2 <708>))
420	rhs_y <420>
421	d2dy2 <421> (<-d2dy2 <419> (<-d2dy2 <722> (<-d2dy2 <708>)))
422	SolveYLU <422>
423	d2dy2 <423> (<-d2dy2 <726> (<-d2dy2 <708>))
424	Mapping Operation <424>
425	d2dy2 <425> (<-d2dy2 <423> (<-d2dy2 <726> (<-d2dy2 <708>)))
426	Mapping Operation <426>
427	rhs_y <427>
428	rhs_y <428>
429	SolveYLU <429>
430	SolveYLU <430>
431	Mapping Operation <431>
432	Mapping Operation <432>
433	Mapping Operation <433>
434	Mapping Operation <434>
435	rhs_y <435>
436	Post Close Operation <436>
437	SolveYLU <437>
438	Post Close Operation <438>
439	Mapping Operation <439>
440	Post Close Operation <440>
441	Mapping Operation <441>
442	Post Close Operation <442>
443	rhs_y <443>
444	ddz <444>
445	SolveYLU <445>
446	__binary_int32_int32_ <446>
447	Mapping Operation <447>
448	ddz <448> (<-ddz <444>)
449	Mapping Operation <449>
450	ddz <450> (<-ddz <444>)
451	rhs_y <451>
452	ddz <452> (<-ddz <444>)
453	SolveYLU <453>
454	ddz <454> (<-ddz <444>)
455	Mapping Operation <455>
456	ddz <456> (<-ddz <444>)
457	Mapping Operation <457>
458	ddz <458> (<-ddz <444>)
459	Post Close Operation <459>
460	ddz <460> (<-ddz <444>)
461	Post Close Operation <461>
462	ddz <462> (<-ddz <444>)
463	Post Close Operation <463>
464	ddz <464> (<-ddz <450> (<-ddz <444>))
465	Post Close Operation <465>
466	Task Operation <466> (<-ddz <456> (<-ddz <444>))
467	d2dz2 <467> (<-d2dz2 <802> (<-d2dz2 <786>))
468	Task Operation <468> (<-ddz <458> (<-ddz <444>))
469	d2dz2 <469> (<-d2dz2 <467> (<-d2dz2 <802> (<-d2dz2 <786>)))
470	Task Operation <470> (<-ddz <460> (<-ddz <444>))
471	d2dz2 <471> (<-d2dz2 <806> (<-d2dz2 <786>))
472	Task Operation <472> (<-ddz <462> (<-ddz <444>))
473	d2dz2 <473> (<-d2dz2 <471> (<-d2dz2 <806> (<-d2dz2 <786>)))
474	ddz <474> (<-ddz <448> (<-ddz <444>))
475	d2dz2 <475> (<-d2dz2 <800> (<-d2dz2 <786>))
476	ddz <476> (<-ddz <452> (<-ddz <444>))
477	d2dz2 <477> (<-d2dz2 <475> (<-d2dz2 <800> (<-d2dz2 <786>)))
478	ddz <478> (<-ddz <454> (<-ddz <444>))
479	d2dz2 <479> (<-d2dz2 <804> (<-d2dz2 <786>))
480	rhs_z <480>
481	d2dz2 <481> (<-d2dz2 <479> (<-d2dz2 <804> (<-d2dz2 <786>)))
482	SolveZLU <482>
483	rhs_z <483>
484	Mapping Operation <484>
485	SolveZLU <485>
486	Mapping Operation <486>
487	Mapping Operation <487>
488	rhs_z <488>
489	Mapping Operation <489>
490	SolveZLU <490>
491	rhs_z <491>
492	Mapping Operation <492>
493	SolveZLU <493>
494	Mapping Operation <494>
495	rhs_z <495>
496	rhs_z <496>
497	Mapping Operation <497>
498	rhs_z <498>
499	Mapping Operation <499>
500	SolveZLU <500>
501	SolveZLU <501>
502	Mapping Operation <502>
503	Mapping Operation <503>
504	Mapping Operation <504>
505	Mapping Operation <505>
506	SolveZLU <506>
507	rhs_z <507>
508	Mapping Operation <508>
509	SolveZLU <509>
510	Mapping Operation <510>
511	Mapping Operation <511>
512	Post Close Operation <512>
513	Mapping Operation <513>
514	Post Close Operation <514>
515	Post Close Operation <515>
516	Post Close Operation <516>
517	Post Close Operation <517>
518	Post Close Operation <518>
519	Post Close Operation <519>
520	get_error_x <520>
521	Post Close Operation <521>
522	Task Operation <522>
523	get_error_d2 <523> (<-get_error_d2 <880> (<-get_error_d2 <864>))
524	get_error_y <524>
525	get_error_d2 <525> (<-get_error_d2 <523> (<-get_error_d2 <880> (<-get_error_d2 <864>)))
526	Task Operation <526>
527	get_error_d2 <527> (<-get_error_d2 <882> (<-get_error_d2 <864>))
528	get_error_z <528>
529	get_error_d2 <529> (<-get_error_d2 <527> (<-get_error_d2 <882> (<-get_error_d2 <864>)))
530	Task Operation <530>
531	get_error_d2 <531> (<-get_error_d2 <884> (<-get_error_d2 <864>))
532	Inter Close Operation <532>
533	get_error_d2 <533> (<-get_error_d2 <531> (<-get_error_d2 <884> (<-get_error_d2 <864>)))
534	get_error_x <534> (<-get_error_x <520>)
535	get_error_d2 <535> (<-get_error_d2 <886> (<-get_error_d2 <864>))
536	get_error_x <536> (<-get_error_x <520>)
537	get_error_d2 <537> (<-get_error_d2 <535> (<-get_error_d2 <886> (<-get_error_d2 <864>)))
538	get_error_x <538> (<-get_error_x <520>)
540	get_error_x <540> (<-get_error_x <520>)
542	get_error_x <542> (<-get_error_x <520>)
544	get_error_x <544> (<-get_error_x <520>)
546	get_error_x <546> (<-get_error_x <520>)
548	get_error_x <548> (<-get_error_x <520>)
550	get_error_x <550> (<-get_error_x <536> (<-get_error_x <520>))
552	Task Operation <552> (<-get_error_x <542> (<-get_error_x <520>))
554	Task Operation <554> (<-get_error_x <544> (<-get_error_x <520>))
556	Task Operation <556> (<-get_error_x <546> (<-get_error_x <520>))
558	Task Operation <558> (<-get_error_x <548> (<-get_error_x <520>))
560	Inter Close Operation <560>
562	get_error_x <562> (<-get_error_x <534> (<-get_error_x <520>))
564	get_error_x <564> (<-get_error_x <538> (<-get_error_x <520>))
566	get_error_x <566> (<-get_error_x <540> (<-get_error_x <520>))
568	get_error_y <568> (<-get_error_y <524>)
570	get_error_y <570> (<-get_error_y <524>)
572	get_error_y <572> (<-get_error_y <524>)
574	get_error_y <574> (<-get_error_y <524>)
576	get_error_y <576> (<-get_error_y <524>)
578	get_error_y <578> (<-get_error_y <524>)
580	get_error_y <580> (<-get_error_y <524>)
582	get_error_y <582> (<-get_error_y <524>)
584	get_error_y <584> (<-get_error_y <570> (<-get_error_y <524>))
586	Task Operation <586> (<-get_error_y <576> (<-get_error_y <524>))
588	Task Operation <588> (<-get_error_y <578> (<-get_error_y <524>))
590	Task Operation <590> (<-get_error_y <580> (<-get_error_y <524>))
592	Task Operation <592> (<-get_error_y <582> (<-get_error_y <524>))
594	get_error_y <594> (<-get_error_y <568> (<-get_error_y <524>))
596	get_error_y <596> (<-get_error_y <572> (<-get_error_y <524>))
598	get_error_y <598> (<-get_error_y <574> (<-get_error_y <524>))
600	get_error_z <600> (<-get_error_z <528>)
602	get_error_z <602> (<-get_error_z <528>)
604	get_error_z <604> (<-get_error_z <528>)
606	get_error_z <606> (<-get_error_z <528>)
608	get_error_z <608> (<-get_error_z <528>)
610	get_error_z <610> (<-get_error_z <528>)
612	get_error_z <612> (<-get_error_z <528>)
614	get_error_z <614> (<-get_error_z <528>)
616	get_error_z <616> (<-get_error_z <602> (<-get_error_z <528>))
618	Task Operation <618> (<-get_error_z <608> (<-get_error_z <528>))
620	Task Operation <620> (<-get_error_z <610> (<-get_error_z <528>))
622	Task Operation <622> (<-get_error_z <612> (<-get_error_z <528>))
624	Task Operation <624> (<-get_error_z <614> (<-get_error_z <528>))
626	get_error_z <626> (<-get_error_z <600> (<-get_error_z <528>))
628	get_error_z <628> (<-get_error_z <604> (<-get_error_z <528>))
630	get_error_z <630> (<-get_error_z <606> (<-get_error_z <528>))
632	d2dx2 <632>
634	Task Operation <634>
636	d2dx2 <636> (<-d2dx2 <632>)
638	d2dx2 <638> (<-d2dx2 <632>)
640	d2dx2 <640> (<-d2dx2 <632>)
642	d2dx2 <642> (<-d2dx2 <632>)
644	d2dx2 <644> (<-d2dx2 <632>)
646	d2dx2 <646> (<-d2dx2 <632>)
648	d2dx2 <648> (<-d2dx2 <632>)
650	d2dx2 <650> (<-d2dx2 <632>)
652	d2dx2 <652> (<-d2dx2 <638> (<-d2dx2 <632>))
654	Task Operation <654> (<-d2dx2 <644> (<-d2dx2 <632>))
656	rhs_x <656>
658	SolveXLU <658>
660	Mapping Operation <660>
662	Task Operation <662> (<-d2dx2 <646> (<-d2dx2 <632>))
664	Mapping Operation <664>
666	Task Operation <666> (<-d2dx2 <648> (<-d2dx2 <632>))
668	Task Operation <668> (<-d2dx2 <650> (<-d2dx2 <632>))
670	d2dx2 <670> (<-d2dx2 <636> (<-d2dx2 <632>))
672	rhs_x <672>
674	SolveXLU <674>
676	Mapping Operation <676>
678	Mapping Operation <678>
680	d2dx2 <680> (<-d2dx2 <640> (<-d2dx2 <632>))
682	rhs_x <682>
684	d2dx2 <684> (<-d2dx2 <642> (<-d2dx2 <632>))
686	SolveXLU <686>
688	Mapping Operation <688>
690	Mapping Operation <690>
692	rhs_x <692>
694	SolveXLU <694>
696	Mapping Operation <696>
698	Mapping Operation <698>
700	Post Close Operation <700>
702	Post Close Operation <702>
704	Post Close Operation <704>
706	Post Close Operation <706>
708	d2dy2 <708>
710	__binary_int32_int32_ <710>
712	Read Close Operation <712>
714	d2dy2 <714> (<-d2dy2 <708>)
716	d2dy2 <716> (<-d2dy2 <708>)
718	d2dy2 <718> (<-d2dy2 <708>)
720	d2dy2 <720> (<-d2dy2 <708>)
722	d2dy2 <722> (<-d2dy2 <708>)
724	d2dy2 <724> (<-d2dy2 <708>)
726	d2dy2 <726> (<-d2dy2 <708>)
728	d2dy2 <728> (<-d2dy2 <708>)
730	d2dy2 <730> (<-d2dy2 <716> (<-d2dy2 <708>))
732	Task Operation <732> (<-d2dy2 <722> (<-d2dy2 <708>))
734	rhs_y <734>
736	SolveYLU <736>
738	Task Operation <738> (<-d2dy2 <724> (<-d2dy2 <708>))
740	Mapping Operation <740>
742	Mapping Operation <742>
744	Task Operation <744> (<-d2dy2 <726> (<-d2dy2 <708>))
746	Task Operation <746> (<-d2dy2 <728> (<-d2dy2 <708>))
748	d2dy2 <748> (<-d2dy2 <714> (<-d2dy2 <708>))
750	rhs_y <750>
752	SolveYLU <752>
754	Mapping Operation <754>
756	Mapping Operation <756>
758	d2dy2 <758> (<-d2dy2 <718> (<-d2dy2 <708>))
760	rhs_y <760>
762	SolveYLU <762>
764	Mapping Operation <764>
766	Mapping Operation <766>
768	d2dy2 <768> (<-d2dy2 <720> (<-d2dy2 <708>))
770	rhs_y <770>
772	SolveYLU <772>
774	Mapping Operation <774>
776	Mapping Operation <776>
778	Post Close Operation <778>
780	Post Close Operation <780>
782	Post Close Operation <782>
784	Post Close Operation <784>
786	d2dz2 <786>
788	__binary_int32_int32_ <788>
790	Read Close Operation <790>
792	d2dz2 <792> (<-d2dz2 <786>)
794	d2dz2 <794> (<-d2dz2 <786>)
796	d2dz2 <796> (<-d2dz2 <786>)
798	d2dz2 <798> (<-d2dz2 <786>)
800	d2dz2 <800> (<-d2dz2 <786>)
802	d2dz2 <802> (<-d2dz2 <786>)
804	d2dz2 <804> (<-d2dz2 <786>)
806	d2dz2 <806> (<-d2dz2 <786>)
808	d2dz2 <808> (<-d2dz2 <794> (<-d2dz2 <786>))
810	Task Operation <810> (<-d2dz2 <800> (<-d2dz2 <786>))
812	rhs_z <812>
814	SolveZLU <814>
816	Mapping Operation <816>
818	Task Operation <818> (<-d2dz2 <802> (<-d2dz2 <786>))
820	Mapping Operation <820>
822	Task Operation <822> (<-d2dz2 <804> (<-d2dz2 <786>))
824	Task Operation <824> (<-d2dz2 <806> (<-d2dz2 <786>))
826	d2dz2 <826> (<-d2dz2 <792> (<-d2dz2 <786>))
828	rhs_z <828>
830	d2dz2 <830> (<-d2dz2 <796> (<-d2dz2 <786>))
832	SolveZLU <832>
834	Mapping Operation <834>
836	Mapping Operation <836>
838	rhs_z <838>
840	SolveZLU <840>
842	Mapping Operation <842>
844	Mapping Operation <844>
846	d2dz2 <846> (<-d2dz2 <798> (<-d2dz2 <786>))
848	rhs_z <848>
850	SolveZLU <850>
852	Mapping Operation <852>
854	Mapping Operation <854>
856	Post Close Operation <856>
858	Post Close Operation <858>
860	Post Close Operation <860>
862	Post Close Operation <862>
864	get_error_d2 <864>
866	__binary_double_double_ <866>
868	Inter Close Operation <868>
870	Inter Close Operation <870>
872	get_error_d2 <872> (<-get_error_d2 <864>)
874	get_error_d2 <874> (<-get_error_d2 <864>)
876	get_error_d2 <876> (<-get_error_d2 <864>)
878	get_error_d2 <878> (<-get_error_d2 <864>)
880	get_error_d2 <880> (<-get_error_d2 <864>)
882	get_error_d2 <882> (<-get_error_d2 <864>)
884	get_error_d2 <884> (<-get_error_d2 <864>)
886	get_error_d2 <886> (<-get_error_d2 <864>)
888	get_error_d2 <888> (<-get_error_d2 <874> (<-get_error_d2 <864>))
890	Task Operation <890> (<-get_error_d2 <880> (<-get_error_d2 <864>))
892	Task Operation <892> (<-get_error_d2 <882> (<-get_error_d2 <864>))
894	Task Operation <894> (<-get_error_d2 <884> (<-get_error_d2 <864>))
896	Task Operation <896> (<-get_error_d2 <886> (<-get_error_d2 <864>))
898	get_error_d2 <898> (<-get_error_d2 <872> (<-get_error_d2 <864>))
900	get_error_d2 <900> (<-get_error_d2 <876> (<-get_error_d2 <864>))
902	get_error_d2 <902> (<-get_error_d2 <878> (<-get_error_d2 <864>))
